{
  "generated_at": "2025-12-27T18:48:05.141658",
  "benchmark_dir": "C:\\Users\\k_nai\\nebulaMemBenchmark\\simple_test_set",
  "adapters": {
    "supermemory": {
      "status": "success",
      "overall_accuracy": 0.599320882852292,
      "total_probes": 589,
      "by_answer_type": {
        "short_answer": {
          "total": 236,
          "count": 450,
          "accuracy": 0.5244444444444445
        },
        "boolean": {
          "total": 18,
          "count": 27,
          "accuracy": 0.6666666666666666
        },
        "verbatim": {
          "total": 15,
          "count": 21,
          "accuracy": 0.7142857142857143
        },
        "abstain": {
          "total": 81,
          "count": 83,
          "accuracy": 0.9759036144578314
        },
        "generation": {
          "total": 3,
          "count": 8,
          "accuracy": 0.375
        }
      },
      "by_pillar": {
        "world_modeling": {
          "total": 56,
          "count": 99,
          "accuracy": 0.5656565656565656
        },
        "declarative_reasoning": {
          "total": 62,
          "count": 101,
          "accuracy": 0.6138613861386139
        },
        "temporal_episodic": {
          "total": 42,
          "count": 99,
          "accuracy": 0.42424242424242425
        },
        "preference_learning": {
          "total": 51,
          "count": 97,
          "accuracy": 0.5257731958762887
        },
        "knowledge_boundaries": {
          "total": 92,
          "count": 98,
          "accuracy": 0.9387755102040817
        },
        "procedural_knowledge": {
          "total": 50,
          "count": 95,
          "accuracy": 0.5263157894736842
        }
      }
    },
    "naive_rag": {
      "status": "success",
      "overall_accuracy": 0.5517826825127334,
      "total_probes": 589,
      "by_answer_type": {
        "short_answer": {
          "total": 203,
          "count": 450,
          "accuracy": 0.45111111111111113
        },
        "boolean": {
          "total": 22,
          "count": 27,
          "accuracy": 0.8148148148148148
        },
        "verbatim": {
          "total": 15,
          "count": 21,
          "accuracy": 0.7142857142857143
        },
        "abstain": {
          "total": 80,
          "count": 83,
          "accuracy": 0.963855421686747
        },
        "generation": {
          "total": 5,
          "count": 8,
          "accuracy": 0.625
        }
      },
      "by_pillar": {
        "world_modeling": {
          "total": 41,
          "count": 99,
          "accuracy": 0.41414141414141414
        },
        "declarative_reasoning": {
          "total": 61,
          "count": 101,
          "accuracy": 0.6039603960396039
        },
        "temporal_episodic": {
          "total": 28,
          "count": 99,
          "accuracy": 0.2828282828282828
        },
        "preference_learning": {
          "total": 57,
          "count": 97,
          "accuracy": 0.5876288659793815
        },
        "knowledge_boundaries": {
          "total": 95,
          "count": 98,
          "accuracy": 0.9693877551020408
        },
        "procedural_knowledge": {
          "total": 43,
          "count": 95,
          "accuracy": 0.45263157894736844
        }
      }
    },
    "no_rag": {
      "status": "success",
      "overall_accuracy": 0.6960950764006791,
      "total_probes": 589,
      "by_answer_type": {
        "short_answer": {
          "total": 284,
          "count": 450,
          "accuracy": 0.6311111111111111
        },
        "boolean": {
          "total": 26,
          "count": 27,
          "accuracy": 0.9629629629629629
        },
        "verbatim": {
          "total": 18,
          "count": 21,
          "accuracy": 0.8571428571428571
        },
        "abstain": {
          "total": 79,
          "count": 83,
          "accuracy": 0.9518072289156626
        },
        "generation": {
          "total": 3,
          "count": 8,
          "accuracy": 0.375
        }
      },
      "by_pillar": {
        "world_modeling": {
          "total": 68,
          "count": 99,
          "accuracy": 0.6868686868686869
        },
        "declarative_reasoning": {
          "total": 94,
          "count": 101,
          "accuracy": 0.9306930693069307
        },
        "temporal_episodic": {
          "total": 41,
          "count": 99,
          "accuracy": 0.41414141414141414
        },
        "preference_learning": {
          "total": 71,
          "count": 97,
          "accuracy": 0.7319587628865979
        },
        "knowledge_boundaries": {
          "total": 94,
          "count": 98,
          "accuracy": 0.9591836734693877
        },
        "procedural_knowledge": {
          "total": 42,
          "count": 95,
          "accuracy": 0.4421052631578947
        }
      }
    }
  }
}